time,pressure,thrust
0.000,17.370,-1.117
0.005,22.195,13.780
0.010,41.494,93.231
0.015,73.339,445.795
0.020,115.798,959.743
0.025,162.117,1319.756
0.030,212.297,2047.229
0.035,247.036,2809.462
0.040,272.126,3243.960
0.045,276.951,3154.578
0.050,286.600,3298.583
0.055,292.390,3484.796
0.060,293.355,3469.899
0.065,301.075,3531.970
0.070,306.865,3613.904
0.075,303.005,3586.593
0.080,314.585,3618.870
0.085,323.270,3725.632
0.090,326.165,3743.012
0.095,338.710,3785.220
0.100,350.289,3916.811
0.105,359.939,4043.436
0.110,360.904,4018.607
0.115,360.904,3936.674
0.120,366.694,4003.710
0.125,366.694,3939.156
0.130,376.344,3981.365
0.135,382.134,3956.536
0.140,377.309,3968.951
0.145,384.064,3919.294
0.150,390.819,3944.122
0.155,397.574,4008.676
0.160,404.329,4016.125
0.165,407.224,4107.990
0.170,420.733,4160.130
0.175,424.593,4187.441
0.180,441.963,4363.723
0.185,443.893,4440.691
0.190,444.858,4381.103
0.195,440.033,4294.203
0.200,434.243,4162.612
0.205,441.963,4135.301
0.210,431.348,4172.544
0.215,438.103,4028.539
0.220,445.823,4142.750
0.225,449.683,4184.958
0.230,451.613,4247.029
0.235,447.753,4120.404
0.240,449.683,4120.404
0.245,457.403,4120.404
0.250,461.263,4266.892
0.255,460.298,4098.058
0.260,453.543,4115.438
0.265,455.473,4040.953
0.270,454.508,4033.505
0.275,457.403,4103.024
0.280,454.508,4043.436
0.285,453.543,4135.301
0.290,449.683,4023.573
0.295,453.543,3899.431
0.300,449.683,4053.367
0.305,457.403,3896.948
0.310,451.613,4058.333
0.315,453.543,3867.154
0.320,449.683,4011.159
0.325,449.683,3931.708
0.330,449.683,3936.674
0.335,457.403,3986.330
0.340,449.683,3924.259
0.345,453.543,3884.534
0.350,461.263,4145.232
0.355,449.683,3891.982
0.360,446.788,3911.845
0.365,447.753,3916.811
0.370,441.963,3879.568
0.375,445.823,3857.223
0.380,445.823,3839.843
0.385,442.928,3896.948
0.390,447.753,3899.431
0.395,445.823,3899.431
0.400,443.893,3867.154
0.405,441.963,3909.362
0.410,439.068,3842.326
0.415,445.823,3904.397
0.420,439.068,3879.568
0.425,447.753,3810.049
0.430,443.893,3931.708
0.435,438.103,3824.946
0.440,445.823,3854.740
0.445,436.173,3904.397
0.450,438.103,3842.326
0.455,434.243,3847.291
0.460,439.068,3819.980
0.465,454.508,4065.781
0.470,443.893,4070.747
0.475,432.313,3760.392
0.480,442.928,3867.154
0.485,436.173,3919.294
0.490,440.998,3797.634
0.495,447.753,3887.017
0.500,434.243,3844.808
0.505,435.208,3879.568
0.510,430.383,3872.120
0.515,436.173,3807.566
0.520,428.453,3931.708
0.525,428.453,3797.634
0.530,435.208,3901.914
0.535,429.418,3874.602
0.540,430.383,3810.049
0.545,431.348,3939.156
0.550,438.103,3916.811
0.555,426.523,3829.911
0.560,428.453,3864.671
0.565,426.523,3909.362
0.570,436.173,3931.708
0.575,439.068,4100.541
0.580,429.418,4065.781
0.585,432.313,3889.500
0.590,430.383,3949.088
0.595,418.803,3842.326
0.600,424.593,3792.669
0.605,419.768,3874.602
0.610,420.733,3760.392
0.615,420.733,3854.740
0.620,419.768,3844.808
0.625,415.908,3713.218
0.630,419.768,3824.946
0.635,411.084,3777.772
0.640,422.663,3752.943
0.645,424.593,3884.534
0.650,413.013,3780.254
0.655,416.873,3703.286
0.660,417.838,3829.911
0.665,422.663,3752.943
0.670,418.803,3827.428
0.675,416.873,3770.323
0.680,422.663,3715.700
0.685,415.908,3802.600
0.690,422.663,3708.252
0.695,426.523,3728.115
0.700,428.453,3829.911
0.705,426.523,3785.220
0.710,423.628,3671.009
0.715,419.768,3819.980
0.720,424.593,3720.666
0.725,426.523,3730.598
0.730,423.628,3752.943
0.735,425.558,3710.735
0.740,426.523,3745.495
0.745,423.628,3777.772
0.750,426.523,3728.115
0.755,426.523,3725.632
0.760,422.663,3685.906
0.765,426.523,3728.115
0.770,427.488,3750.460
0.775,426.523,3703.286
0.780,430.383,3747.977
0.785,424.593,3750.460
0.790,430.383,3646.181
0.795,428.453,3715.700
0.800,428.453,3740.529
0.805,430.383,3733.080
0.810,426.523,3656.112
0.815,430.383,3628.801
0.820,430.383,3663.561
0.825,431.348,3723.149
0.830,434.243,3703.286
0.835,434.243,3708.252
0.840,434.243,3666.044
0.845,430.383,3678.458
0.850,441.963,3633.767
0.855,436.173,3680.941
0.860,434.243,3708.252
0.865,430.383,3638.732
0.870,428.453,3576.661
0.875,435.208,3581.627
0.880,434.243,3611.421
0.885,435.208,3648.664
0.890,430.383,3666.044
0.895,426.523,3611.421
0.900,426.523,3556.798
0.905,435.208,3656.112
0.910,438.103,3680.941
0.915,426.523,3638.732
0.920,430.383,3569.213
0.925,431.348,3618.870
0.930,431.348,3688.389
0.935,431.348,3658.595
0.940,428.453,3633.767
0.945,430.383,3613.904
0.950,432.313,3683.423
0.955,429.418,3673.492
0.960,438.103,3643.698
0.965,428.453,3695.838
0.970,427.488,3646.181
0.975,427.488,3616.387
0.980,424.593,3636.249
0.985,430.383,3621.352
0.990,428.453,3646.181
0.995,430.383,3648.664
1.000,423.628,3643.698
1.005,426.523,3559.281
1.010,438.103,3673.492
1.015,428.453,3671.009
1.020,430.383,3626.318
1.025,426.523,3673.492
1.030,418.803,3596.524
1.035,430.383,3611.421
1.040,428.453,3646.181
1.045,420.733,3648.664
1.050,422.663,3527.004
1.055,418.803,3554.316
1.060,426.523,3601.490
1.065,420.733,3631.284
1.070,418.803,3576.661
1.075,423.628,3569.213
1.080,426.523,3589.075
1.085,422.663,3638.732
1.090,416.873,3621.352
1.095,418.803,3494.727
1.100,421.698,3611.421
1.105,418.803,3599.007
1.110,409.154,3539.419
1.115,418.803,3497.210
1.120,414.943,3643.698
1.125,416.873,3494.727
1.130,411.084,3606.455
1.135,413.013,3484.796
1.140,414.943,3504.659
1.145,415.908,3584.110
1.150,415.908,3536.936
1.155,416.873,3584.110
1.160,413.978,3561.764
1.165,409.154,3534.453
1.170,415.908,3499.693
1.175,412.049,3529.487
1.180,413.013,3556.798
1.185,415.908,3554.316
1.190,411.084,3574.178
1.195,413.013,3509.624
1.200,416.873,3499.693
1.205,416.873,3601.490
1.210,411.084,3489.762
1.215,415.908,3509.624
1.220,413.013,3531.970
1.225,412.049,3487.279
1.230,419.768,3541.901
1.235,413.013,3494.727
1.240,405.294,3474.865
1.245,411.084,3405.345
1.250,414.943,3551.833
1.255,414.943,3474.865
1.260,418.803,3512.107
1.265,416.873,3551.833
1.270,413.013,3517.073
1.275,413.978,3427.691
1.280,415.908,3479.830
1.285,416.873,3494.727
1.290,413.013,3467.416
1.295,418.803,3487.279
1.300,418.803,3551.833
1.305,415.908,3484.796
1.310,418.803,3546.867
1.315,416.873,3551.833
1.320,416.873,3499.693
1.325,411.084,3507.142
1.330,416.873,3425.208
1.335,422.663,3507.142
1.340,413.013,3541.901
1.345,419.768,3440.105
1.350,418.803,3544.384
1.355,417.838,3484.796
1.360,413.013,3509.624
1.365,416.873,3494.727
1.370,418.803,3492.244
1.375,423.628,3551.833
1.380,417.838,3586.593
1.385,416.873,3472.382
1.390,413.013,3494.727
1.395,413.978,3447.553
1.400,407.224,3452.519
1.405,415.908,3522.039
1.410,409.154,3455.002
1.415,416.873,3477.347
1.420,416.873,3534.453
1.425,409.154,3464.933
1.430,412.049,3462.450
1.435,411.084,3477.347
1.440,411.084,3492.244
1.445,406.259,3487.279
1.450,413.013,3432.656
1.455,412.049,3531.970
1.460,403.364,3450.036
1.465,412.049,3387.965
1.470,407.224,3546.867
1.475,404.329,3445.070
1.480,411.084,3477.347
1.485,401.434,3487.279
1.490,409.154,3333.342
1.495,404.329,3509.624
1.500,397.574,3380.516
1.505,405.294,3402.862
1.510,401.434,3527.004
1.515,406.259,3452.519
1.520,403.364,3407.828
1.525,405.294,3464.933
1.530,403.364,3432.656
1.535,400.469,3397.896
1.540,407.224,3422.725
1.545,407.224,3489.762
1.550,395.644,3385.482
1.555,404.329,3395.414
1.560,407.224,3464.933
1.565,404.329,3422.725
1.570,408.189,3387.965
1.575,403.364,3459.968
1.580,403.364,3402.862
1.585,407.224,3430.173
1.590,404.329,3450.036
1.595,411.084,3355.688
1.600,404.329,3477.347
1.605,407.224,3395.414
1.610,409.154,3338.308
1.615,409.154,3464.933
1.620,410.119,3445.070
1.625,411.084,3368.102
1.630,400.469,3363.137
1.635,401.434,3296.100
1.640,403.364,3360.654
1.645,403.364,3318.445
1.650,413.013,3358.171
1.655,407.224,3402.862
1.660,408.189,3378.034
1.665,403.364,3328.377
1.670,403.364,3348.240
1.675,407.224,3363.137
1.680,402.399,3370.585
1.685,401.434,3368.102
1.690,403.364,3373.068
1.695,399.504,3370.585
1.700,405.294,3370.585
1.705,404.329,3395.414
1.710,409.154,3328.377
1.715,405.294,3467.416
1.720,400.469,3370.585
1.725,404.329,3397.896
1.730,404.329,3400.379
1.735,402.399,3365.619
1.740,399.504,3385.482
1.745,404.329,3402.862
1.750,401.434,3397.896
1.755,399.504,3355.688
1.760,400.469,3301.065
1.765,400.469,3415.276
1.770,397.574,3328.377
1.775,398.539,3303.548
1.780,395.644,3330.860
1.785,401.434,3348.240
1.790,392.749,3382.999
1.795,403.364,3315.963
1.800,395.644,3392.931
1.805,399.504,3251.409
1.810,399.504,3353.205
1.815,399.504,3298.583
1.820,397.574,3345.757
1.825,391.784,3273.754
1.830,397.574,3288.651
1.835,395.644,3363.137
1.840,393.714,3251.409
1.845,395.644,3268.789
1.850,401.434,3301.065
1.855,399.504,3358.171
1.860,395.644,3318.445
1.865,399.504,3293.617
1.870,395.644,3338.308
1.875,395.644,3308.514
1.880,397.574,3306.031
1.885,391.784,3333.342
1.890,398.539,3306.031
1.895,399.504,3360.654
1.900,395.644,3296.100
1.905,395.644,3308.514
1.910,397.574,3281.203
1.915,392.749,3234.029
1.920,397.574,3330.860
1.925,392.749,3345.757
1.930,395.644,3209.200
1.935,392.749,3368.102
1.940,400.469,3231.546
1.945,395.644,3437.622
1.950,392.749,3318.445
1.955,395.644,3206.717
1.960,395.644,3450.036
1.965,391.784,3261.340
1.970,391.784,3224.097
1.975,395.644,3293.617
1.980,395.644,3298.583
1.985,397.574,3370.585
1.990,398.539,3298.583
1.995,397.574,3363.137
2.000,395.644,3288.651
2.005,397.574,3306.031
2.010,388.889,3306.031
2.015,392.749,3181.889
2.020,391.784,3390.448
2.025,390.819,3231.546
2.030,392.749,3199.269
2.035,391.784,3343.274
2.040,389.854,3276.237
2.045,393.714,3283.686
2.050,387.924,3323.411
2.055,385.994,3199.269
2.060,391.784,3248.926
2.065,397.574,3368.102
2.070,385.994,3298.583
2.075,388.889,3268.789
2.080,391.784,3296.100
2.085,385.994,3271.271
2.090,390.819,3308.514
2.095,387.924,3360.654
2.100,387.924,3266.306
2.105,384.064,3325.894
2.110,387.924,3253.891
2.115,385.994,3298.583
2.120,384.064,3266.306
2.125,384.064,3258.857
2.130,381.169,3286.168
2.135,384.064,3278.720
2.140,382.134,3271.271
2.145,384.064,3325.894
2.150,381.169,3338.308
2.155,380.204,3263.823
2.160,382.134,3286.168
2.165,377.309,3296.100
2.170,376.344,3211.683
2.175,373.449,3253.891
2.180,373.449,3261.340
2.185,380.204,3216.649
2.190,378.274,3340.791
2.195,374.414,3278.720
2.200,378.274,3176.923
2.205,377.309,3330.860
2.210,374.414,3276.237
2.215,373.449,3206.717
2.220,368.624,3251.409
2.225,374.414,3189.337
2.230,377.309,3298.583
2.235,368.624,3278.720
2.240,368.624,3132.232
2.245,368.624,3241.477
2.250,368.624,3209.200
2.255,372.484,3236.512
2.260,366.694,3238.994
2.265,364.764,3216.649
2.270,364.764,3226.580
2.275,366.694,3201.752
2.280,368.624,3253.891
2.285,368.624,3273.754
2.290,360.904,3243.960
2.295,360.904,3162.026
2.300,368.624,3201.752
2.305,364.764,3301.065
2.310,358.009,3241.477
2.315,358.974,3169.475
2.320,360.904,3181.889
2.325,358.974,3194.303
2.330,358.974,3263.823
2.335,358.974,3231.546
2.340,357.044,3201.752
2.345,358.009,3147.129
2.350,357.044,3256.374
2.355,353.184,3122.301
2.360,356.079,3189.337
2.365,357.044,3266.306
2.370,350.289,3144.646
2.375,353.184,3152.095
2.380,351.254,3238.994
2.385,350.289,3147.129
2.390,355.114,3152.095
2.395,353.184,3263.823
2.400,350.289,3171.958
2.405,349.324,3154.578
2.410,350.289,3152.095
2.415,346.430,3137.198
2.420,353.184,3162.026
2.425,347.395,3241.477
2.430,349.324,3122.301
2.435,349.324,3149.612
2.440,348.360,3209.200
2.445,351.254,3166.992
2.450,346.430,3194.303
2.455,343.535,3152.095
2.460,345.465,3144.646
2.465,349.324,3164.509
2.470,345.465,3243.960
2.475,341.605,3124.784
2.480,343.535,3171.958
2.485,342.570,3209.200
2.490,338.710,3119.818
2.495,341.605,3094.989
2.500,339.675,3199.269
2.505,337.745,3117.335
2.510,335.815,3072.644
2.515,333.885,3085.058
2.520,331.955,3085.058
2.525,331.955,3047.815
2.530,335.815,3162.026
2.535,328.095,3159.543
2.540,336.780,3132.232
2.545,338.710,3129.749
2.550,335.815,3169.475
2.555,341.605,3082.575
2.560,328.095,3181.889
2.565,330.025,2990.710
2.570,333.885,3087.541
2.575,333.885,3137.198
2.580,330.025,3030.435
2.585,336.780,3060.230
2.590,330.990,3114.852
2.595,330.990,3070.161
2.600,333.885,3062.712
2.605,333.885,3087.541
2.610,331.955,3109.886
2.615,330.025,3102.438
2.620,330.025,3094.989
2.625,326.165,3112.369
2.630,330.025,3032.918
2.635,327.130,3085.058
2.640,327.130,3090.024
2.645,325.200,3042.850
2.650,322.305,3097.472
2.655,322.305,3030.435
2.660,324.235,3037.884
2.665,322.305,3176.923
2.670,322.305,3037.884
2.675,325.200,3075.127
2.680,326.165,3144.646
2.685,323.270,3057.747
2.690,326.165,3070.161
2.695,319.410,3072.644
2.700,320.375,3055.264
2.705,318.445,3090.024
2.710,316.515,3020.504
2.715,317.480,3045.333
2.720,315.550,3030.435
2.725,319.410,3035.401
2.730,321.340,3099.955
2.735,319.410,3099.955
2.740,315.550,3055.264
2.745,312.655,3018.021
2.750,318.445,2938.570
2.755,324.235,3094.989
2.760,313.620,3027.953
2.765,316.515,2943.536
2.770,318.445,3045.333
2.775,325.200,3013.056
2.780,317.480,3027.953
2.785,312.655,2970.847
2.790,314.585,2955.950
2.795,315.550,3042.850
2.800,316.515,3020.504
2.805,315.550,3010.573
2.810,312.655,2983.261
2.815,312.655,3042.850
2.820,308.795,3030.435
2.825,314.585,3005.607
2.830,311.690,3072.644
2.835,308.795,3010.573
2.840,309.760,2980.779
2.845,308.795,3050.298
2.850,309.760,2970.847
2.855,306.865,3025.470
2.860,314.585,3003.124
2.865,311.690,3052.781
2.870,304.935,3060.230
2.875,303.005,2941.053
2.880,301.075,2941.053
2.885,304.935,2973.330
2.890,306.865,3005.607
2.895,300.110,3005.607
2.900,304.935,2980.779
2.905,303.970,2990.710
2.910,299.145,2948.502
2.915,303.005,2936.087
2.920,304.935,3037.884
2.925,303.005,2993.193
2.930,302.040,2963.399
2.935,304.935,3010.573
2.940,302.040,2931.122
2.945,297.215,2933.605
2.950,295.285,2849.188
2.955,296.250,2878.982
2.960,295.285,2921.190
2.965,296.250,2903.810
2.970,286.600,2911.259
2.975,295.285,2933.605
2.980,296.250,2938.570
2.985,292.390,2896.362
2.990,293.355,2903.810
2.995,295.285,2883.948
3.000,300.110,2824.359
3.005,294.320,2903.810
3.010,296.250,2898.845
3.015,293.355,2950.984
3.020,292.390,2913.742
3.025,291.425,2898.845
3.030,295.285,2985.744
3.035,295.285,2950.984
3.040,291.425,2953.467
3.045,293.355,2933.605
3.050,292.390,2980.779
3.055,292.390,2926.156
3.060,293.355,2995.676
3.065,292.390,2953.467
3.070,287.565,2866.568
3.075,292.390,2898.845
3.080,288.530,2963.399
3.085,289.495,2893.879
3.090,291.425,2903.810
3.095,295.285,2953.467
3.100,287.565,2955.950
3.105,288.530,2883.948
3.110,290.460,2943.536
3.115,293.355,2958.433
3.120,287.565,2958.433
3.125,287.565,2836.774
3.130,289.495,2933.605
3.135,293.355,2918.707
3.140,289.495,2871.533
3.145,284.671,2911.259
3.150,287.565,2851.671
3.155,287.565,2931.122
3.160,283.706,2878.982
3.165,280.811,2821.877
3.170,284.671,2849.188
3.175,281.776,2826.842
3.180,284.671,2811.945
3.185,283.706,2864.085
3.190,283.706,2854.154
3.195,281.776,2933.605
3.200,277.916,2864.085
3.205,281.776,2752.357
3.210,281.776,2936.087
3.215,288.530,2903.810
3.220,279.846,2849.188
3.225,280.811,2841.739
3.230,281.776,2893.879
3.235,287.565,2896.362
3.240,279.846,2923.673
3.245,276.951,2811.945
3.250,279.846,2861.602
3.255,282.741,2878.982
3.260,279.846,2893.879
3.265,282.741,2928.639
3.270,284.671,2906.293
3.275,281.776,2936.087
3.280,283.706,2901.328
3.285,280.811,2916.225
3.290,279.846,2851.671
3.295,285.635,2933.605
3.300,283.706,2963.399
3.305,285.635,2891.396
3.310,280.811,3022.987
3.315,279.846,2854.154
3.320,283.706,2903.810
3.325,283.706,2978.296
3.330,288.530,2881.465
3.335,278.881,2888.913
3.340,276.951,2859.119
3.345,279.846,2844.222
3.350,276.951,2928.639
3.355,276.951,2856.636
3.360,275.986,2839.256
3.365,276.951,2846.705
3.370,276.951,2901.328
3.375,275.986,2856.636
3.380,279.846,2878.982
3.385,272.126,2849.188
3.390,274.056,2856.636
3.395,277.916,2906.293
3.400,274.056,2903.810
3.405,272.126,2829.325
3.410,274.056,2876.499
3.415,276.951,2888.913
3.420,274.056,2846.705
3.425,265.371,2896.362
3.430,274.056,2896.362
3.435,272.126,2878.982
3.440,271.161,2849.188
3.445,272.126,2834.291
3.450,272.126,2851.671
3.455,272.126,2861.602
3.460,272.126,2829.325
3.465,270.196,2871.533
3.470,276.951,2869.051
3.475,276.951,2918.707
3.480,270.196,2893.879
3.485,270.196,2821.877
3.490,266.336,2826.842
3.495,271.161,2811.945
3.500,275.986,2836.774
3.505,274.056,2921.190
3.510,268.266,2784.634
3.515,268.266,2764.771
3.520,270.196,2826.842
3.525,265.371,2749.874
3.530,265.371,2725.046
3.535,272.126,2754.840
3.540,267.301,2814.428
3.545,272.126,2811.945
3.550,270.196,2826.842
3.555,269.231,2836.774
3.560,274.056,2799.531
3.565,265.371,2811.945
3.570,265.371,2846.705
3.575,267.301,2826.842
3.580,262.476,2819.394
3.585,258.616,2767.254
3.590,264.406,2757.323
3.595,265.371,2891.396
3.600,260.546,2789.600
3.605,266.336,2826.842
3.610,265.371,2893.879
3.615,265.371,2804.497
3.620,269.231,2896.362
3.625,266.336,2913.742
3.630,261.511,2797.048
3.635,263.441,2809.462
3.640,266.336,2851.671
3.645,262.476,2856.636
3.650,268.266,2816.911
3.655,264.406,2816.911
3.660,264.406,2836.774
3.665,261.511,2864.085
3.670,262.476,2839.256
3.675,268.266,2821.877
3.680,266.336,2883.948
3.685,270.196,2874.016
3.690,264.406,2821.877
3.695,258.616,2749.874
3.700,256.686,2677.872
3.705,266.336,2772.220
3.710,264.406,2856.636
3.715,256.686,2737.460
3.720,258.616,2702.700
3.725,258.616,2774.703
3.730,264.406,2797.048
3.735,260.546,2802.014
3.740,262.476,2705.183
3.745,257.651,2717.597
3.750,260.546,2802.014
3.755,262.476,2804.497
3.760,262.476,2881.465
3.765,261.511,2869.051
3.770,261.511,2816.911
3.775,260.546,2881.465
3.780,261.511,2826.842
3.785,258.616,2846.705
3.790,263.441,2779.668
3.795,257.651,2861.602
3.800,256.686,2784.634
3.805,256.686,2762.288
3.810,257.651,2819.394
3.815,256.686,2784.634
3.820,256.686,2754.840
3.825,252.826,2769.737
3.830,254.756,2727.528
3.835,256.686,2789.600
3.840,253.791,2752.357
3.845,252.826,2772.220
3.850,252.826,2752.357
3.855,252.826,2734.977
3.860,258.616,2787.117
3.865,256.686,2819.394
3.870,252.826,2734.977
3.875,256.686,2744.908
3.880,253.791,2846.705
3.885,256.686,2797.048
3.890,256.686,2881.465
3.895,256.686,2797.048
3.900,256.686,2772.220
3.905,250.896,2841.739
3.910,255.721,2816.911
3.915,256.686,2829.325
3.920,252.826,2752.357
3.925,258.616,2777.185
3.930,255.721,2918.707
3.935,254.756,2777.185
3.940,257.651,2802.014
3.945,260.546,2898.845
3.950,253.791,2841.739
3.955,254.756,2752.357
3.960,266.336,2824.359
3.965,256.686,2896.362
3.970,249.931,2814.428
3.975,252.826,2799.531
3.980,256.686,2829.325
3.985,256.686,2871.533
3.990,250.896,2787.117
3.995,249.931,2774.703
4.000,249.931,2806.979
4.005,250.896,2772.220
4.010,248.966,2759.805
4.015,249.931,2705.183
4.020,248.966,2720.080
4.025,245.106,2759.805
4.030,246.071,2665.457
4.035,249.931,2747.391
4.040,248.966,2797.048
4.045,256.686,2749.874
4.050,245.106,2754.840
4.055,245.106,2690.286
4.060,249.931,2722.563
4.065,245.106,2769.737
4.070,250.896,2653.043
4.075,249.931,2752.357
4.080,244.141,2730.011
4.085,245.106,2695.251
4.090,246.071,2737.460
4.095,246.071,2707.666
4.100,247.036,2742.426
4.105,248.966,2727.528
4.110,247.036,2804.497
4.115,245.106,2764.771
4.120,252.826,2695.251
4.125,250.896,2821.877
4.130,245.106,2789.600
4.135,242.211,2702.700
4.140,246.071,2650.560
4.145,250.896,2802.014
4.150,243.176,2789.600
4.155,239.316,2628.215
4.160,247.036,2720.080
4.165,252.826,2784.634
4.170,246.071,2814.428
4.175,242.211,2680.354
4.180,242.211,2725.046
4.185,249.931,2749.874
4.190,246.071,2811.945
4.195,245.106,2725.046
4.200,246.071,2700.217
4.205,243.176,2754.840
4.210,245.106,2762.288
4.215,247.036,2747.391
4.220,243.176,2715.114
4.225,248.966,2665.457
4.230,247.036,2814.428
4.235,245.106,2744.908
4.240,248.966,2764.771
4.245,248.966,2819.394
4.250,243.176,2712.631
4.255,247.036,2747.391
4.260,248.966,2789.600
4.265,239.316,2774.703
4.270,245.106,2662.975
4.275,243.176,2762.288
4.280,238.351,2712.631
4.285,242.211,2653.043
4.290,245.106,2752.357
4.295,251.861,2839.256
4.300,241.246,2814.428
4.305,239.316,2695.251
4.310,243.176,2690.286
4.315,245.106,2799.531
4.320,245.106,2777.185
4.325,245.106,2757.323
4.330,239.316,2732.494
4.335,241.246,2672.906
4.340,239.316,2752.357
4.345,239.316,2677.872
4.350,245.106,2707.666
4.355,244.141,2754.840
4.360,241.246,2784.634
4.365,243.176,2744.908
4.370,241.246,2744.908
4.375,244.141,2732.494
4.380,241.246,2777.185
4.385,243.176,2700.217
4.390,243.176,2727.528
4.395,241.246,2752.357
4.400,236.421,2730.011
4.405,241.246,2660.492
4.410,237.386,2722.563
4.415,245.106,2685.320
4.420,243.176,2816.911
4.425,240.281,2710.149
4.430,236.421,2682.837
4.435,241.246,2717.597
4.440,237.386,2690.286
4.445,238.351,2635.663
4.450,243.176,2667.940
4.455,241.246,2672.906
4.460,241.246,2660.492
4.465,241.246,2695.251
4.470,239.316,2648.077
4.475,236.421,2680.354
4.480,239.316,2655.526
4.485,241.246,2685.320
4.490,236.421,2667.940
4.495,229.666,2618.283
4.500,234.491,2697.734
4.505,240.281,2705.183
4.510,239.316,2710.149
4.515,240.281,2705.183
4.520,241.246,2660.492
4.525,236.421,2695.251
4.530,239.316,2717.597
4.535,238.351,2722.563
4.540,242.211,2722.563
4.545,238.351,2670.423
4.550,236.421,2645.595
4.555,236.421,2680.354
4.560,235.456,2707.666
4.565,234.491,2672.906
4.570,235.456,2640.629
4.575,240.281,2705.183
4.580,236.421,2717.597
4.585,231.596,2665.457
4.590,237.386,2618.283
4.595,238.351,2707.666
4.600,238.351,2700.217
4.605,230.631,2633.180
4.610,235.456,2680.354
4.615,234.491,2712.631
4.620,230.631,2710.149
4.625,235.456,2665.457
4.630,237.386,2692.769
4.635,237.386,2692.769
4.640,235.456,2667.940
4.645,233.526,2660.492
4.650,237.386,2685.320
4.655,233.526,2665.457
4.660,234.491,2682.837
4.665,229.666,2658.009
4.670,228.701,2581.041
4.675,227.736,2605.869
4.680,231.596,2598.421
4.685,230.631,2655.526
4.690,231.596,2588.489
4.695,230.631,2645.595
4.700,229.666,2623.249
4.705,238.351,2653.043
4.710,230.631,2687.803
4.715,233.526,2650.560
4.720,233.526,2675.389
4.725,229.666,2662.975
4.730,224.841,2568.626
4.735,230.631,2593.455
4.740,234.491,2660.492
4.745,233.526,2625.732
4.750,230.631,2697.734
4.755,233.526,2578.558
4.760,236.421,2712.631
4.765,227.736,2700.217
4.770,228.701,2548.764
4.775,230.631,2658.009
4.780,231.596,2685.320
4.785,230.631,2667.940
4.790,225.806,2625.732
4.795,227.736,2578.558
4.800,230.631,2650.560
4.805,239.316,2715.114
4.810,231.596,2605.869
4.815,227.736,2653.043
4.820,233.526,2692.769
4.825,228.701,2675.389
4.830,229.666,2638.146
4.835,225.806,2630.698
4.840,225.806,2588.489
4.845,229.666,2628.215
4.850,229.666,2695.251
4.855,223.876,2608.352
4.860,241.246,2598.421
4.865,225.806,2662.975
4.870,225.806,2595.938
4.875,221.946,2563.661
4.880,223.876,2603.386
4.885,221.946,2588.489
4.890,226.771,2590.972
4.895,222.911,2590.972
4.900,226.771,2531.384
4.905,231.596,2633.180
4.910,223.876,2613.318
4.915,223.876,2548.764
4.920,232.561,2600.903
4.925,223.876,2625.732
4.930,223.876,2538.832
4.935,225.806,2590.972
4.940,226.771,2620.766
4.945,220.982,2603.386
4.950,219.052,2528.901
4.955,222.911,2499.107
4.960,221.946,2605.869
4.965,225.806,2568.626
4.970,223.876,2581.041
4.975,222.911,2618.283
4.980,221.946,2581.041
4.985,221.946,2543.798
4.990,221.946,2583.524
4.995,220.017,2603.386
5.000,221.946,2553.729
5.005,216.157,2566.144
5.010,212.297,2509.038
5.015,221.946,2586.006
5.020,220.982,2633.180
5.025,221.946,2563.661
5.030,223.876,2578.558
5.035,227.736,2665.457
5.040,221.946,2628.215
5.045,221.946,2546.281
5.050,229.666,2603.386
5.055,221.946,2643.112
5.060,220.017,2605.869
5.065,226.771,2533.867
5.070,226.771,2677.872
5.075,221.946,2618.283
5.080,223.876,2586.006
5.085,219.052,2598.421
5.090,225.806,2573.592
5.095,221.946,2600.903
5.100,221.946,2610.835
5.105,220.017,2583.524
5.110,218.087,2590.972
5.115,219.052,2523.935
5.120,221.946,2541.315
5.125,225.806,2618.283
5.130,221.946,2598.421
5.135,215.192,2526.418
5.140,223.876,2499.107
5.145,219.052,2533.867
5.150,216.157,2523.935
5.155,219.052,2511.521
5.160,219.052,2571.109
5.165,216.157,2496.624
5.170,218.087,2551.247
5.175,219.052,2541.315
5.180,218.087,2531.384
5.185,212.297,2506.555
5.190,218.087,2479.244
5.195,212.297,2501.590
5.200,213.262,2471.796
5.205,212.297,2417.173
5.210,206.507,2427.104
5.215,206.507,2347.653
5.220,206.507,2377.447
5.225,211.332,2389.862
5.230,202.647,2337.722
5.235,200.717,2325.308
5.240,197.822,2305.445
5.245,196.857,2243.374
5.250,194.927,2250.822
5.255,198.787,2258.271
5.260,201.682,2225.994
5.265,193.962,2208.614
5.270,192.997,2206.131
5.275,187.207,2181.303
5.280,188.172,2099.369
5.285,191.067,2144.060
5.290,191.067,2158.957
5.295,192.997,2106.817
5.300,182.382,2109.300
5.305,186.242,2039.781
5.310,184.312,2114.266
5.315,182.382,2069.575
5.320,180.452,1965.295
5.325,178.522,2012.469
5.330,187.207,2007.504
5.335,177.557,2022.401
5.340,178.522,2000.055
5.345,176.592,1980.192
5.350,174.662,1995.089
5.355,177.557,1940.467
5.360,172.732,1960.330
5.365,171.767,1890.810
5.370,171.767,1898.259
5.375,169.837,1898.259
5.380,167.907,1905.707
5.385,167.907,1791.496
5.390,164.047,1776.599
5.395,167.907,1769.151
5.400,162.117,1746.805
5.405,163.082,1764.185
5.410,164.047,1744.322
5.415,158.258,1712.045
5.420,160.187,1667.354
5.425,156.328,1709.562
5.430,158.258,1649.974
5.435,160.187,1674.803
5.440,154.398,1630.111
5.445,154.398,1640.043
5.450,156.328,1704.597
5.455,154.398,1702.114
5.460,153.433,1657.423
5.465,150.538,1637.560
5.470,152.468,1642.526
5.475,151.503,1645.008
5.480,148.608,1647.491
5.485,151.503,1573.006
5.490,145.713,1597.834
5.495,147.643,1595.352
5.500,148.608,1553.143
5.505,144.748,1602.800
5.510,146.678,1585.420
5.515,142.818,1548.177
5.520,142.818,1548.177
5.525,141.853,1555.626
5.530,142.818,1493.555
5.535,140.888,1503.486
5.540,140.888,1528.315
5.545,137.028,1488.589
5.550,138.958,1473.692
5.555,137.993,1468.726
5.560,135.098,1453.829
5.565,138.958,1446.381
5.570,132.203,1411.621
5.575,135.098,1376.861
5.580,134.133,1399.207
5.585,131.238,1384.310
5.590,131.238,1347.067
5.595,130.273,1339.619
5.600,130.273,1344.584
5.605,127.378,1319.756
5.610,129.308,1324.722
5.615,130.273,1327.204
5.620,125.448,1297.410
5.625,126.413,1282.513
5.630,125.448,1287.479
5.635,126.413,1309.824
5.640,127.378,1324.722
5.645,123.518,1294.927
5.650,123.518,1282.513
5.655,120.623,1275.065
5.660,122.553,1257.685
5.665,121.588,1255.202
5.670,120.623,1267.616
5.675,117.728,1260.168
5.680,119.658,1237.822
5.685,118.693,1247.753
5.690,117.728,1240.305
5.695,119.658,1230.373
5.700,117.728,1230.373
5.705,117.728,1222.925
5.710,119.658,1225.408
5.715,117.728,1208.028
5.720,115.798,1198.096
5.725,115.798,1193.131
5.730,115.798,1183.199
5.735,115.798,1170.785
5.740,112.903,1173.268
5.745,114.833,1165.819
5.750,114.833,1158.371
5.755,114.833,1168.302
5.760,113.868,1163.337
5.765,123.518,1138.508
5.770,113.868,1138.508
5.775,115.798,1140.991
5.780,110.973,1131.060
5.785,114.833,1136.025
5.790,113.868,1240.305
5.795,113.868,1190.648
5.800,111.938,1165.819
5.805,114.833,1198.096
5.810,113.868,1178.234
5.815,119.658,1155.888
5.820,112.903,1170.785
5.825,113.868,1168.302
5.830,109.043,1155.888
5.835,108.078,1138.508
5.840,119.658,1131.060
5.845,110.973,1153.405
5.850,110.973,1128.577
5.855,110.008,1126.094
5.860,110.008,1143.474
5.865,109.043,1128.577
5.870,110.008,1136.025
5.875,110.008,1118.645
5.880,109.043,1128.577
5.885,110.008,1101.266
5.890,108.078,1103.748
5.895,106.148,1103.748
5.900,109.043,1086.368
5.905,110.008,1111.197
5.910,104.218,1091.334
5.915,110.008,1081.403
5.920,110.973,1086.368
5.925,109.043,1071.471
5.930,106.148,1086.368
5.935,110.008,1083.886
5.940,107.113,1064.023
5.945,106.148,1068.989
5.950,108.078,1078.920
5.955,110.008,1064.023
5.960,106.148,1054.091
5.965,106.148,1051.609
5.970,106.148,1026.780
5.975,106.148,1041.677
5.980,107.113,1036.712
5.985,106.148,1019.332
5.990,104.218,1026.780
5.995,106.148,1021.815
6.000,107.113,1021.815
6.005,107.113,1016.849
6.010,108.078,1006.917
6.015,108.078,999.469
6.020,105.183,1014.366
6.025,103.253,987.055
6.030,110.008,984.572
6.035,107.113,987.055
6.040,105.183,987.055
6.045,104.218,994.503
6.050,105.183,1004.435
6.055,106.148,984.572
6.060,106.148,987.055
6.065,104.218,984.572
6.070,104.218,977.123
6.075,110.973,979.606
6.080,108.078,987.055
6.085,104.218,962.226
6.090,104.218,972.158
6.095,107.113,969.675
6.100,106.148,972.158
6.105,107.113,952.295
6.110,107.113,954.778
6.115,102.288,972.158
6.120,104.218,937.398
6.125,105.183,944.846
6.130,110.008,957.261
6.135,102.288,944.846
6.140,106.148,924.984
6.145,106.148,932.432
6.150,105.183,924.984
6.155,106.148,917.535
6.160,107.113,924.984
6.165,114.833,927.466
6.170,104.218,920.018
6.175,105.183,902.638
6.180,106.148,900.155
6.185,106.148,915.052
6.190,109.043,900.155
6.195,107.113,890.224
6.200,109.043,912.569
6.205,104.218,897.672
6.210,102.288,897.672
6.215,107.113,890.224
6.220,104.218,905.121
6.225,102.288,890.224
6.230,105.183,892.707
6.235,104.218,877.810
6.240,107.113,892.707
6.245,102.288,892.707
6.250,103.253,877.810
6.255,103.253,875.327
6.260,110.008,877.810
6.265,104.218,875.327
6.270,104.218,872.844
6.275,103.253,870.361
6.280,105.183,870.361
6.285,105.183,877.810
6.290,103.253,855.464
6.295,108.078,848.015
6.300,106.148,867.878
6.305,104.218,860.430
6.310,108.078,833.118
6.315,106.148,850.498
6.320,104.218,840.567
6.325,106.148,790.910
6.330,104.218,785.944
6.335,103.253,790.910
6.340,104.218,768.564
6.345,104.218,771.047
6.350,106.148,766.082
6.355,106.148,761.116
6.360,105.183,758.633
6.365,102.288,768.564
6.370,103.253,766.082
6.375,103.253,766.082
6.380,103.253,758.633
6.385,106.148,768.564
6.390,102.288,803.324
6.395,102.288,805.807
6.400,103.253,820.704
6.405,101.323,810.773
6.410,101.323,800.841
6.415,102.288,810.773
6.420,103.253,803.324
6.425,104.218,798.359
6.430,103.253,798.359
6.435,103.253,793.393
6.440,103.253,790.910
6.445,101.323,783.461
6.450,100.358,783.461
6.455,101.323,793.393
6.460,104.218,780.979
6.465,103.253,778.496
6.470,102.288,768.564
6.475,104.218,776.013
6.480,103.253,785.944
6.485,103.253,778.496
6.490,102.288,766.082
6.495,107.113,776.013
6.500,106.148,766.082
6.505,103.253,756.150
6.510,104.218,733.805
6.515,103.253,694.079
6.520,104.218,706.493
6.525,93.604,704.010
6.530,103.253,713.942
6.535,104.218,691.596
6.540,102.288,696.562
6.545,102.288,691.596
6.550,104.218,689.113
6.555,104.218,691.596
6.560,102.288,686.631
6.565,103.253,699.045
6.570,107.113,686.631
6.575,104.218,743.736
6.580,105.183,748.702
6.585,102.288,728.839
6.590,102.288,736.287
6.595,102.288,731.322
6.600,102.288,731.322
6.605,104.218,711.459
6.610,102.288,718.908
6.615,104.218,708.976
6.620,102.288,728.839
6.625,102.288,728.839
6.630,100.358,708.976
6.635,100.358,721.390
6.640,102.288,708.976
6.645,102.288,706.493
6.650,104.218,711.459
6.655,100.358,713.942
6.660,103.253,704.010
6.665,102.288,713.942
6.670,100.358,706.493
6.675,101.323,694.079
6.680,102.288,676.699
6.685,106.148,676.699
6.690,102.288,686.631
6.695,102.288,686.631
6.700,104.218,671.733
6.705,101.323,671.733
6.710,106.148,666.768
6.715,106.148,674.216
6.720,100.358,671.733
6.725,102.288,676.699
6.730,100.358,659.319
6.735,104.218,659.319
6.740,104.218,671.733
6.745,101.323,666.768
6.750,99.393,669.251
6.755,100.358,671.733
6.760,102.288,671.733
6.765,101.323,679.182
6.770,99.393,656.836
6.775,102.288,661.802
6.780,102.288,674.216
6.785,99.393,671.733
6.790,97.463,661.802
6.795,99.393,661.802
6.800,103.253,656.836
6.805,99.393,654.354
6.810,99.393,651.871
6.815,102.288,649.388
6.820,99.393,654.354
6.825,100.358,651.871
6.830,98.428,646.905
6.835,102.288,644.422
6.840,99.393,644.422
6.845,98.428,646.905
6.850,100.358,634.491
6.855,102.288,632.008
6.860,100.358,624.559
6.865,100.358,617.111
6.870,99.393,624.559
6.875,102.288,619.594
6.880,98.428,614.628
6.885,100.358,629.525
6.890,99.393,614.628
6.895,98.428,614.628
6.900,96.498,609.662
6.905,96.498,607.180
6.910,100.358,599.731
6.915,102.288,599.731
6.920,96.498,604.697
6.925,96.498,599.731
6.930,98.428,612.145
6.935,96.498,614.628
6.940,98.428,614.628
6.945,104.218,609.662
6.950,96.498,607.180
6.955,83.954,612.145
6.960,96.498,607.180
6.965,97.463,607.180
6.970,96.498,604.697
6.975,96.498,594.765
6.980,97.463,609.662
6.985,95.533,599.731
6.990,99.393,592.282
6.995,94.569,594.765
7.000,94.569,584.834
7.005,96.498,592.282
7.010,98.428,599.731
7.015,98.428,589.800
7.020,94.569,587.317
7.025,98.428,589.800
7.030,94.569,574.903
7.035,92.639,569.937
7.040,95.533,567.454
7.045,95.533,572.420
7.050,93.604,560.006
7.055,95.533,569.937
7.060,96.498,569.937
7.065,92.639,564.971
7.070,96.498,557.523
7.075,98.428,567.454
7.080,93.604,567.454
7.085,96.498,547.591
7.090,93.604,550.074
7.095,94.569,567.454
7.100,94.569,540.143
7.105,90.709,545.108
7.110,92.639,569.937
7.115,90.709,562.488
7.120,91.674,547.591
7.125,91.674,555.040
7.130,91.674,550.074
7.135,93.604,540.143
7.140,90.709,550.074
7.145,91.674,542.626
7.150,91.674,542.626
7.155,90.709,545.108
7.160,90.709,550.074
7.165,91.674,542.626
7.170,88.779,547.591
7.175,90.709,547.591
7.180,90.709,540.143
7.185,91.674,535.177
7.190,90.709,537.660
7.195,88.779,542.626
7.200,91.674,535.177
7.205,90.709,532.694
7.210,90.709,525.246
7.215,88.779,525.246
7.220,90.709,520.280
7.225,90.709,527.729
7.230,88.779,527.729
7.235,88.779,515.314
7.240,90.709,510.349
7.245,88.779,515.314
7.250,90.709,517.797
7.255,88.779,505.383
7.260,86.849,512.831
7.265,88.779,490.486
7.270,87.814,480.554
7.275,84.919,480.554
7.280,86.849,475.589
7.285,84.919,475.589
7.290,86.849,490.486
7.295,83.954,478.072
7.300,84.919,485.520
7.305,84.919,470.623
7.310,89.744,473.106
7.315,84.919,483.037
7.320,84.919,480.554
7.325,82.024,468.140
7.330,82.989,495.452
7.335,86.849,505.383
7.340,84.919,502.900
7.345,75.269,500.417
7.350,82.989,495.452
7.355,84.919,488.003
7.360,80.094,490.486
7.365,81.059,495.452
7.370,82.989,488.003
7.375,79.129,492.969
7.380,80.094,492.969
7.385,81.059,488.003
7.390,79.129,475.589
7.395,77.199,475.589
7.400,82.989,478.072
7.405,84.919,473.106
7.410,79.129,478.072
7.415,80.094,475.589
7.420,78.164,470.623
7.425,79.129,470.623
7.430,80.094,465.657
7.435,77.199,475.589
7.440,79.129,468.140
7.445,79.129,468.140
7.450,77.199,445.795
7.455,75.269,420.966
7.460,79.129,420.966
7.465,76.234,435.863
7.470,75.269,420.966
7.475,79.129,433.380
7.480,76.234,430.898
7.485,76.234,433.380
7.490,74.304,420.966
7.495,77.199,428.415
7.500,77.199,423.449
7.505,73.339,418.483
7.510,75.269,418.483
7.515,75.269,445.795
7.520,73.339,450.760
7.525,71.409,453.243
7.530,73.339,448.278
7.535,73.339,445.795
7.540,73.339,445.795
7.545,71.409,443.312
7.550,72.374,445.795
7.555,72.374,453.243
7.560,72.374,453.243
7.565,71.409,433.380
7.570,74.304,433.380
7.575,71.409,440.829
7.580,71.409,435.863
7.585,71.409,435.863
7.590,69.479,428.415
7.595,70.444,428.415
7.600,71.409,428.415
7.605,68.514,440.829
7.610,67.549,423.449
7.615,66.584,420.966
7.620,67.549,433.380
7.625,67.549,433.380
7.630,67.549,423.449
7.635,67.549,416.001
7.640,66.584,418.483
7.645,67.549,445.795
7.650,66.584,435.863
7.655,65.619,420.966
7.660,69.479,418.483
7.665,67.549,423.449
7.670,63.689,428.415
7.675,67.549,416.001
7.680,63.689,416.001
7.685,64.654,416.001
7.690,65.619,420.966
7.695,63.689,420.966
7.700,65.619,411.035
7.705,61.759,411.035
7.710,67.549,411.035
7.715,63.689,408.552
7.720,63.689,408.552
7.725,63.689,406.069
7.730,58.864,408.552
7.735,63.689,406.069
7.740,61.759,403.586
7.745,61.759,398.621
7.750,61.759,391.172
7.755,60.794,396.138
7.760,68.514,401.103
7.765,55.969,398.621
7.770,65.619,388.689
7.775,61.759,396.138
7.780,63.689,391.172
7.785,61.759,398.621
7.790,58.864,393.655
7.795,58.864,386.206
7.800,59.829,388.689
7.805,59.829,391.172
7.810,59.829,386.206
7.815,59.829,383.724
7.820,60.794,388.689
7.825,59.829,393.655
7.830,64.654,391.172
7.835,57.899,393.655
7.840,65.619,388.689
7.845,57.899,388.689
7.850,55.969,388.689
7.855,57.899,386.206
7.860,57.899,386.206
7.865,57.899,381.241
7.870,55.004,386.206
7.875,59.829,378.758
7.880,55.969,386.206
7.885,55.969,376.275
7.890,58.864,386.206
7.895,55.969,383.724
7.900,55.004,376.275
7.905,57.899,371.309
7.910,57.899,373.792
7.915,55.969,373.792
7.920,55.004,376.275
7.925,48.249,368.827
7.930,53.074,366.344
7.935,52.109,371.309
7.940,55.969,353.929
7.945,56.934,371.309
7.950,56.934,373.792
7.955,54.039,356.412
7.960,54.039,356.412
7.965,57.899,361.378
7.970,53.074,356.412
7.975,52.109,351.447
7.980,57.899,346.481
7.985,55.969,378.758
7.990,55.004,363.861
7.995,51.144,353.929
8.000,52.109,351.447
8.005,55.004,361.378
8.010,54.039,363.861
8.015,54.039,356.412
8.020,55.969,346.481
8.025,55.004,331.584
8.030,55.004,353.929
8.035,51.144,351.447
8.040,55.969,348.964
8.045,54.039,343.998
8.050,54.039,346.481
8.055,54.039,353.929
8.060,54.039,348.964
8.065,52.109,343.998
8.070,54.039,334.067
8.075,50.179,341.515
8.080,53.074,343.998
8.085,55.969,339.032
8.090,55.969,336.550
8.095,55.969,334.067
8.100,53.074,334.067
8.105,50.179,331.584
8.110,52.109,334.067
8.115,55.969,324.135
8.120,57.899,324.135
8.125,55.969,343.998
8.130,52.109,314.204
8.135,52.109,324.135
8.140,53.074,331.584
8.145,53.074,314.204
8.150,55.969,324.135
8.155,54.039,316.687
8.160,55.969,311.721
8.165,54.039,319.170
8.170,54.039,316.687
8.175,53.074,326.618
8.180,56.934,319.170
8.185,55.004,329.101
8.190,52.109,326.618
8.195,52.109,314.204
8.200,56.934,329.101
8.205,54.039,281.927
8.210,55.969,286.893
8.215,52.109,269.513
8.220,53.074,264.547
8.225,58.864,229.787
8.230,53.074,254.616
8.235,55.969,304.273
8.240,54.039,286.893
8.245,57.899,247.167
8.250,55.969,259.581
8.255,55.969,276.961
8.260,53.074,281.927
8.265,55.969,299.307
8.270,55.969,294.341
8.275,55.969,281.927
8.280,57.899,309.238
8.285,57.899,329.101
8.290,57.899,289.375
8.295,55.969,284.410
8.300,57.899,279.444
8.305,56.934,301.790
8.310,55.004,306.755
8.315,59.829,299.307
8.320,56.934,289.375
8.325,55.969,279.444
8.330,55.969,289.375
8.335,54.039,309.238
8.340,57.899,279.444
8.345,56.934,269.513
8.350,58.864,284.410
8.355,60.794,294.341
8.360,55.969,284.410
8.365,57.899,294.341
8.370,57.899,291.858
8.375,58.864,284.410
8.380,59.829,291.858
8.385,57.899,259.581
8.390,55.969,229.787
8.395,57.899,257.099
8.400,57.899,254.616
8.405,55.969,244.684
8.410,55.004,237.236
8.415,55.969,234.753
8.420,55.969,232.270
8.425,56.934,237.236
8.430,57.899,244.684
8.435,60.794,252.133
8.440,55.969,229.787
8.445,65.619,227.304
8.450,55.969,264.547
8.455,55.004,276.961
8.460,55.969,267.030
8.465,59.829,276.961
8.470,59.829,269.513
8.475,55.969,264.547
8.480,59.829,257.099
8.485,57.899,267.030
8.490,57.899,271.996
8.495,60.794,264.547
8.500,57.899,264.547
8.505,55.969,259.581
8.510,55.969,264.547
8.515,57.899,269.513
8.520,57.899,262.064
8.525,59.829,267.030
8.530,59.829,257.099
8.535,55.969,267.030
8.540,57.899,244.684
8.545,59.829,259.581
8.550,58.864,274.478
8.555,54.039,247.167
8.560,57.899,262.064
8.565,59.829,259.581
8.570,57.899,262.064
8.575,57.899,257.099
8.580,58.864,249.650
8.585,58.864,249.650
8.590,55.004,249.650
8.595,59.829,257.099
8.600,58.864,262.064
8.605,58.864,254.616
8.610,56.934,247.167
8.615,55.969,252.133
8.620,55.969,247.167
8.625,57.899,244.684
8.630,58.864,254.616
8.635,55.969,242.201
8.640,56.934,234.753
8.645,58.864,242.201
8.650,58.864,249.650
8.655,58.864,249.650
8.660,55.969,234.753
8.665,59.829,237.236
8.670,58.864,237.236
8.675,56.934,232.270
8.680,57.899,237.236
8.685,59.829,242.201
8.690,55.969,249.650
8.695,55.004,212.407
8.700,56.934,212.407
8.705,58.864,227.304
8.710,61.759,237.236
8.715,59.829,242.201
8.720,63.689,232.270
8.725,57.899,209.924
8.730,57.899,214.890
8.735,60.794,219.856
8.740,56.934,237.236
8.745,55.004,234.753
8.750,55.969,217.373
8.755,56.934,232.270
8.760,57.899,217.373
8.765,61.759,227.304
8.770,59.829,229.787
8.775,59.829,234.753
8.780,57.899,224.822
8.785,55.969,214.890
8.790,55.004,217.373
8.795,55.969,217.373
8.800,57.899,214.890
8.805,57.899,222.339
8.810,57.899,219.856
8.815,55.969,209.924
8.820,57.899,202.476
8.825,58.864,204.959
8.830,50.179,217.373
8.835,55.969,204.959
8.840,56.934,209.924
8.845,55.969,199.993
8.850,57.899,207.442
8.855,62.724,207.442
8.860,59.829,202.476
8.865,57.899,209.924
8.870,55.004,197.510
8.875,55.969,212.407
8.880,57.899,187.579
8.885,55.969,207.442
8.890,57.899,204.959
8.895,60.794,202.476
8.900,61.759,199.993
8.905,57.899,199.993
8.910,55.969,190.062
8.915,50.179,182.613
8.920,58.864,192.545
8.925,63.689,185.096
8.930,57.899,180.130
8.935,54.039,170.199
8.940,54.039,145.371
8.945,56.934,152.819
8.950,59.829,172.682
8.955,55.969,185.096
8.960,57.899,167.716
8.965,59.829,157.785
8.970,57.899,157.785
8.975,57.899,162.750
8.980,56.934,160.268
8.985,57.899,170.199
8.990,55.004,155.302
8.995,60.794,175.165
9.000,72.374,182.613
9.005,58.864,192.545
9.010,58.864,195.027
9.015,59.829,190.062
9.020,60.794,182.613
9.025,59.829,162.750
9.030,57.899,175.165
9.035,59.829,167.716
9.040,58.864,177.648
9.045,57.899,167.716
9.050,58.864,150.336
9.055,55.004,145.371
9.060,55.969,140.405
9.065,55.969,145.371
9.070,54.039,162.750
9.075,57.899,160.268
9.080,52.109,145.371
9.085,52.109,145.371
9.090,54.039,150.336
9.095,54.039,135.439
9.100,54.039,135.439
9.105,55.969,140.405
9.110,58.864,140.405
9.115,56.934,145.371
9.120,58.864,145.371
9.125,57.899,157.785
9.130,61.759,162.750
9.135,56.934,165.233
9.140,59.829,147.853
9.145,55.969,100.679
9.150,60.794,90.748
9.155,57.899,95.714
9.160,55.969,105.645
9.165,55.969,83.299
9.170,54.039,68.402
9.175,57.899,78.334
9.180,56.934,78.334
9.185,57.899,80.817
9.190,59.829,88.265
9.195,59.829,83.299
9.200,58.864,85.782
9.205,57.899,100.679
9.210,61.759,132.956
9.215,59.829,127.991
9.220,56.934,123.025
9.225,57.899,118.059
9.230,57.899,113.094
9.235,56.934,120.542
9.240,59.829,135.439
9.245,61.759,147.853
9.250,57.899,137.922
9.255,57.899,132.956
9.260,57.899,125.508
9.265,58.864,127.991
9.270,57.899,127.991
9.275,55.969,130.473
9.280,66.584,140.405
9.285,59.829,123.025
9.290,57.899,130.473
9.295,57.899,135.439
9.300,58.864,132.956
9.305,57.899,130.473
9.310,56.934,127.991
9.315,59.829,127.991
9.320,56.934,130.473
9.325,57.899,130.473
9.330,55.969,78.334
9.335,58.864,75.851
9.340,56.934,60.954
9.345,59.829,55.988
9.350,58.864,68.402
9.355,61.759,60.954
9.360,55.969,60.954
9.365,57.899,53.505
9.370,57.899,55.988
9.375,55.969,55.988
9.380,57.899,51.022
9.385,57.899,58.471
9.390,55.969,75.851
9.395,54.039,98.196
9.400,55.969,103.162
9.405,55.004,100.679
9.410,53.074,95.714
9.415,54.039,103.162
9.420,52.109,120.542
9.425,54.039,123.025
9.430,55.969,110.611
9.435,55.004,115.576
9.440,54.039,115.576
9.445,57.899,120.542
9.450,53.074,120.542
9.455,53.074,110.611
9.460,53.074,110.611
9.465,54.039,110.611
9.470,56.934,120.542
9.475,52.109,118.059
9.480,52.109,110.611
9.485,52.109,110.611
9.490,53.074,105.645
9.495,54.039,115.576
9.500,50.179,110.611
9.505,55.969,108.128
9.510,52.109,105.645
9.515,54.039,110.611
9.520,53.074,95.714
9.525,52.109,100.679
9.530,53.074,95.714
9.535,51.144,98.196
9.540,53.074,98.196
9.545,54.039,90.748
9.550,48.249,93.231
9.555,52.109,98.196
9.560,52.109,93.231
9.565,50.179,95.714
9.570,52.109,95.714
9.575,52.109,95.714
9.580,51.144,90.748
9.585,51.144,98.196
9.590,52.109,95.714
9.595,55.969,103.162
9.600,53.074,105.645
9.605,54.039,98.196
9.610,54.039,103.162
9.615,52.109,98.196
9.620,52.109,100.679
9.625,55.969,103.162
9.630,49.214,103.162
9.635,48.249,98.196
9.640,51.144,100.679
9.645,51.144,103.162
9.650,52.109,98.196
9.655,52.109,90.748
9.660,50.179,105.645
9.665,54.039,100.679
9.670,51.144,100.679
9.675,52.109,100.679
9.680,50.179,93.231
9.685,49.214,93.231
9.690,52.109,88.265
9.695,48.249,95.714
9.700,50.179,90.748
9.705,49.214,80.817
9.710,53.074,78.334
9.715,51.144,80.817
9.720,49.214,78.334
9.725,53.074,85.782
9.730,52.109,83.299
9.735,52.109,83.299
9.740,50.179,80.817
9.745,52.109,83.299
9.750,50.179,85.782
9.755,49.214,80.817
9.760,49.214,85.782
9.765,50.179,70.885
9.770,49.214,78.334
9.775,51.144,93.231
9.780,51.144,98.196
9.785,46.319,100.679
9.790,56.934,83.299
9.795,52.109,88.265
9.800,51.144,93.231
9.805,51.144,90.748
9.810,52.109,100.679
9.815,50.179,88.265
9.820,49.214,90.748
9.825,49.214,83.299
9.830,49.214,90.748
9.835,51.144,88.265
9.840,49.214,83.299
9.845,52.109,90.748
9.850,50.179,80.817
9.855,50.179,88.265
9.860,48.249,88.265
9.865,46.319,88.265
9.870,48.249,85.782
9.875,49.214,73.368
9.880,50.179,68.402
9.885,55.969,65.920
9.890,50.179,73.368
9.895,53.074,73.368
9.900,52.109,63.437
9.905,50.179,68.402
9.910,50.179,63.437
9.915,48.249,75.851
9.920,45.354,65.920
9.925,48.249,70.885
9.930,53.074,63.437
9.935,52.109,68.402
9.940,47.284,70.885
9.945,48.249,68.402
9.950,50.179,75.851
9.955,47.284,85.782
9.960,46.319,78.334
9.965,48.249,78.334
9.970,49.214,78.334
9.975,50.179,70.885
9.980,53.074,68.402
9.985,49.214,73.368
9.990,48.249,70.885
9.995,53.074,83.299
10.000,50.179,83.299
10.005,47.284,80.817
10.010,49.214,70.885
10.015,50.179,73.368
10.020,50.179,73.368
10.025,48.249,78.334
10.030,49.214,75.851
10.035,49.214,78.334
10.040,48.249,75.851
10.045,49.214,73.368
10.050,49.214,68.402
10.055,48.249,60.954
10.060,48.249,60.954
10.065,50.179,53.505
10.070,50.179,53.505
10.075,52.109,60.954
10.080,51.144,53.505
10.085,51.144,26.194
10.090,48.249,23.711
10.095,55.004,16.263
10.100,54.039,18.745
10.105,52.109,18.745
10.110,51.144,16.263
10.115,53.074,23.711
10.120,52.109,21.228
10.125,51.144,23.711
10.130,51.144,31.160
10.135,51.144,38.608
10.140,50.179,31.160
10.145,52.109,46.057
10.150,52.109,60.954
10.155,51.144,63.437
10.160,51.144,60.954
10.165,51.144,58.471
10.170,52.109,65.920
10.175,57.899,58.471
10.180,53.074,65.920
10.185,53.074,65.920
10.190,52.109,63.437
10.195,53.074,65.920
10.200,52.109,63.437
10.205,53.074,63.437
10.210,53.074,63.437
10.215,54.039,60.954
10.220,52.109,65.920
10.225,57.899,65.920
10.230,53.074,58.471
10.235,54.039,51.022
10.240,53.074,55.988
10.245,52.109,51.022
10.250,53.074,51.022
10.255,53.074,53.505
10.260,55.969,48.540
10.265,61.759,46.057
10.270,53.074,21.228
10.275,54.039,11.297
10.280,51.144,11.297
10.285,53.074,8.814
10.290,54.039,8.814
10.295,52.109,8.814
10.300,54.039,11.297
10.305,50.179,11.297
10.310,52.109,23.711
10.315,54.039,21.228
10.320,52.109,18.745
10.325,53.074,23.711
10.330,53.074,23.711
10.335,52.109,55.988
10.340,52.109,53.505
10.345,49.214,53.505
10.350,53.074,58.471
10.355,50.179,55.988
10.360,49.214,53.505
10.365,52.109,46.057
10.370,53.074,51.022
10.375,53.074,48.540
10.380,52.109,43.574
10.385,53.074,53.505
10.390,50.179,51.022
10.395,50.179,53.505
10.400,52.109,51.022
10.405,50.179,46.057
10.410,50.179,41.091
10.415,50.179,41.091
10.420,53.074,46.057
10.425,54.039,43.574
10.430,52.109,33.643
10.435,50.179,38.608
10.440,52.109,33.643
10.445,52.109,38.608
10.450,54.039,41.091
10.455,55.969,33.643
10.460,49.214,41.091
10.465,53.074,36.125
10.470,54.039,41.091
10.475,50.179,33.643
10.480,50.179,43.574
10.485,53.074,43.574
10.490,54.039,46.057
10.495,51.144,46.057
10.500,54.039,43.574
10.505,52.109,43.574
10.510,52.109,43.574
10.515,54.039,43.574
10.520,55.969,43.574
10.525,54.039,41.091
10.530,55.969,41.091
10.535,57.899,36.125
10.540,55.969,41.091
10.545,57.899,36.125
10.550,55.969,38.608
10.555,52.109,41.091
10.560,54.039,41.091
10.565,56.934,46.057
10.570,55.969,38.608
10.575,54.039,41.091
10.580,53.074,36.125
10.585,58.864,36.125
10.590,57.899,28.677
10.595,55.969,28.677
10.600,58.864,38.608
10.605,55.969,31.160
10.610,57.899,31.160
10.615,57.899,33.643
10.620,61.759,26.194
10.625,57.899,31.160
10.630,59.829,31.160
10.635,59.829,31.160
10.640,55.969,28.677
10.645,57.899,28.677
10.650,59.829,28.677
10.655,59.829,31.160
10.660,57.899,31.160
10.665,59.829,43.574
10.670,59.829,38.608
10.675,57.899,33.643
10.680,57.899,36.125
10.685,59.829,33.643
10.690,56.934,36.125
10.695,56.934,36.125
10.700,59.829,36.125
10.705,59.829,36.125
10.710,55.969,31.160
10.715,50.179,33.643
10.720,58.864,33.643
10.725,56.934,33.643
10.730,57.899,33.643
10.735,55.969,33.643
10.740,57.899,28.677
10.745,56.934,31.160
10.750,58.864,33.643
10.755,57.899,33.643
10.760,59.829,28.677
10.765,58.864,26.194
10.770,57.899,21.228
10.775,55.969,18.745
10.780,57.899,23.711
10.785,57.899,26.194
10.790,64.654,23.711
10.795,55.004,23.711
10.800,56.934,23.711
10.805,55.004,18.745
10.810,54.039,26.194
10.815,60.794,23.711
10.820,55.004,21.228
10.825,54.039,23.711
10.830,55.004,26.194
10.835,54.039,23.711
10.840,55.969,26.194
10.845,55.969,31.160
10.850,55.969,33.643
10.855,55.969,28.677
10.860,55.004,28.677
10.865,54.039,26.194
10.870,54.039,23.711
10.875,55.004,28.677
10.880,54.039,28.677
10.885,54.039,28.677
10.890,55.004,21.228
10.895,54.039,26.194
10.900,56.934,26.194
10.905,57.899,21.228
10.910,53.074,26.194
10.915,51.144,26.194
10.920,52.109,26.194
10.925,45.354,23.711
10.930,52.109,23.711
10.935,53.074,23.711
10.940,54.039,18.745
10.945,54.039,21.228
10.950,53.074,18.745
10.955,52.109,16.263
10.960,52.109,16.263
10.965,49.214,16.263
10.970,52.109,21.228
10.975,56.934,21.228
10.980,54.039,16.263
10.985,49.214,16.263
10.990,49.214,16.263
10.995,52.109,23.711
11.000,50.179,23.711
11.005,52.109,13.780
11.010,51.144,21.228
11.015,48.249,16.263
11.020,52.109,23.711
11.025,49.214,-1.117
11.030,48.249,-1.117
11.035,50.179,-1.117
11.040,49.214,-1.117
11.045,50.179,-1.117
11.050,45.354,-1.117
11.055,51.144,-1.117
11.060,49.214,-1.117
11.065,48.249,-1.117
11.070,49.214,-1.117
11.075,48.249,-1.117
11.080,46.319,-1.117
11.085,45.354,-1.117
11.090,48.249,18.745
11.095,46.319,18.745
11.100,45.354,16.263
11.105,48.249,21.228
11.110,48.249,16.263
11.115,46.319,13.780
11.120,45.354,13.780
11.125,48.249,16.263
11.130,36.669,16.263
11.135,47.284,11.297
11.140,43.424,13.780
11.145,46.319,11.297
11.150,46.319,13.780
11.155,44.389,13.780
11.160,45.354,13.780
11.165,45.354,13.780
11.170,43.424,11.297
11.175,45.354,11.297
11.180,45.354,13.780
11.185,44.389,8.814
11.190,45.354,11.297
11.195,44.389,13.780
11.200,46.319,16.263
11.205,45.354,18.745
11.210,44.389,-1.117
11.215,45.354,-1.117
11.220,46.319,-1.117
11.225,43.424,-1.117
11.230,44.389,-1.117
11.235,42.459,-1.117
11.240,42.459,-1.117
11.245,40.529,-1.117
11.250,43.424,-1.117
11.255,45.354,-1.117
11.260,42.459,-1.117
11.265,40.529,-1.117
11.270,46.319,-1.117
11.275,41.494,8.814
11.280,41.494,11.297
11.285,43.424,13.780
11.290,40.529,16.263
11.295,43.424,13.780
11.300,41.494,8.814
11.305,41.494,8.814
11.310,43.424,3.848
11.315,42.459,11.297
11.320,40.529,8.814
11.325,40.529,6.331
11.330,42.459,3.848
11.335,42.459,3.848
11.340,42.459,6.331
11.345,41.494,8.814
11.350,42.459,3.848
11.355,41.494,6.331
11.360,41.494,6.331
11.365,43.424,6.331
11.370,41.494,3.848
11.375,38.599,11.297
11.380,40.529,16.263
11.385,40.529,16.263
11.390,38.599,13.780
11.395,43.424,8.814
11.400,40.529,11.297
